tanggal,nama.pembeli,nama.barang,kuantum,nominal
2020-01-02,TOKO HERUNIAWATI,BERAS,1000.0,9840000.0
2020-01-02,TOKO HERUNIAWATI,DAGING,120.0,8400000.0
2020-01-02,TOKO APRILIA SUKRISNI,BERAS,6000.0,62910000.0
2020-01-02,TOKO APRILIA SUKRISNI,MIGOR,408.0,4855200.0
2020-01-02,TOKO APRILIA SUKRISNI,TEPUNG,140.0,1162000.0
2020-01-02,TOKO MAJU TERUS,BERAS,820.0,8597700.0
2020-01-02,TOKO MAJU TERUS,BERAS,550.0,5412000.0
2020-01-02,TOKO MAJU TERUS,DAGING,140.0,9800000.0
2020-01-03,KOPERASI BRI MELAWI,BERAS,1180.0,12372300.0
2020-01-03,KOPERASI BRI MELAWI,MIGOR,204.0,2427600.0
2020-01-03,KOPERASI BRI MELAWI,TEPUNG,200.0,1660000.0
2020-01-06,TOKO DEB,BERAS,500.0,4920000.0
2020-01-06,TOKO DEB,DAGING,100.0,7000000.0
2020-01-06,TOKO FATHULLAH ZIKRI,BERAS,500.0,4920000.0
2020-01-06,TOKO FATHULLAH ZIKRI,DAGING,110.0,7700000.0
2020-01-06,TOKO FAHRI,BERAS,200.0,1968000.0
2020-01-06,TOKO FAHRI,DAGING,40.0,2800000.0
2020-01-07,TOKO KEDAI YUDA,BERAS,250.0,2621250.0
2020-01-07,TOKO KEDAI YUDA,BERAS,500.0,4920000.0
2020-01-07,TOKO KEDAI YUDA,DAGING,60.0,4200000.0
2020-01-07,TOKO KOPERASI KONSUMEN SYARIAH BERKAH BERSEMI,BERAS,250.0,2621250.0
2020-01-07,TOKO KOPERASI KONSUMEN SYARIAH BERKAH BERSEMI,BERAS,450.0,4428000.0
2020-01-07,TOKO KOPERASI KONSUMEN SYARIAH BERKAH BERSEMI,DAGING,60.0,4200000.0
2020-01-09,Harya Sari,BERAS,200.0,2097000.0
2020-01-09,Harya Sari,BERAS,600.0,5904000.0
2020-01-09,Harya Sari,DAGING,100.0,7000000.0
2020-01-09,TOKO SUPER STOCK,BERAS,300.0,3145500.0
2020-01-09,TOKO SUPER STOCK,BERAS,700.0,6888000.0
2020-01-09,TOKO SUPER STOCK,DAGING,150.0,10500000.0
2020-01-10,TOKO HARYATI,BERAS,3000.0,31500000.0
2020-01-10,TOKO KARDI,BERAS,1000.0,10500000.0
2020-01-10,TOKO KHET MEN,BERAS,1000.0,10500000.0
2020-01-10,TOKO ENDANG HARTATI,BERAS,500.0,5250000.0
2020-01-10,TOKO DWI SUSILO,BERAS,500.0,5250000.0
2020-01-10,TOKO CAH HERU,BERAS,500.0,5250000.0
2020-01-10,TOKO AANG  DARMAWAN,BERAS,500.0,5250000.0
2020-01-10,TOKO DIDIK PRIOJADMIKO,BERAS,500.0,5250000.0
2020-01-10,TOKO HENI LAY,BERAS,4000.0,42000000.0
2020-01-10,TOKO APRIYANTO,BERAS,3000.0,31500000.0
2020-01-10,Warung Nak Zihan,BERAS,500.0,5242500.0
2020-01-10,Warung Nak Zihan,DAGING,100.0,7000000.0
2020-01-10,Warung Nak Zihan,MIGOR,84.0,999600.0
2020-01-10,Warung Nak Zihan,TEPUNG,60.0,498000.0
2020-01-13,TOKO MUNIR,BERAS,300.0,3145500.0
2020-01-13,TOKO MUNIR,DAGING,120.0,8400000.0
2020-01-13,TOKO KARYA BINJAI,BERAS,200.0,2097000.0
2020-01-13,TOKO KARYA BINJAI,DAGING,80.0,5600000.0
2020-01-13,TOKO KIAN KIONG,BERAS,1000.0,10500000.0
2020-01-13,TOKO ANDREAS INDAH,BERAS,7000.0,73500000.0
2020-01-13,TOKO KHET MEN,BERAS,1000.0,10500000.0
2020-01-13,TOKO NURDIAH,BERAS,2500.0,26250000.0
2020-01-14,KARUNIA,BERAS,500.0,4920000.0
2020-01-14,KARUNIA,DAGING,20.0,1400000.0
2020-01-16,TOKO REVAN,BERAS,550.0,5412000.0
2020-01-16,TOKO REVAN,DAGING,40.0,2800000.0
2020-01-16,TOKO DOA IBU,BERAS,500.0,4920000.0
2020-01-16,TOKO DOA IBU,DAGING,35.0,2450000.0
2020-01-20,SAHABAT ANDA,BERAS,900.0,8856000.0
2020-01-20,SAHABAT ANDA,DAGING,60.0,4200000.0
2020-01-20,SAHABAT ANDA,TEPUNG,60.0,498000.0
2020-01-20,TOKO AQIL,BERAS,800.0,7872000.0
2020-01-20,TOKO AQIL,DAGING,50.0,3500000.0
2020-01-20,TOKO AQIL,TEPUNG,40.0,332000.0
2020-01-20,TOKO ABIZAR,BERAS,700.0,6888000.0
2020-01-21,TOKO SARDIYANTO,BERAS,500.0,5250000.0
2020-01-21,TOKO DIDIK PRIOJADMIKO,BERAS,750.0,7875000.0
2020-01-21,TOKO KIAN KIONG,BERAS,2000.0,21000000.0
2020-01-21,TOKO ANDREAS INDAH,BERAS,4000.0,42000000.0
2020-01-21,TOKO EKA SAPUTRA JAYA,BERAS,1000.0,10500000.0
2020-01-21,TOKO FAKHLI HARUDI,BERAS,2400.0,25200000.0
2020-01-22,ANDY,BERAS,250.0,2460000.0
2020-01-22,ANDY,DAGING,100.0,7000000.0
2020-01-22,TOKO IFAL,BERAS,250.0,2460000.0
2020-01-22,TOKO IFAL,DAGING,100.0,7000000.0
2020-01-22,Langkah Jaya,BERAS,200.0,1968000.0
2020-01-22,Langkah Jaya,DAGING,100.0,7000000.0
2020-01-23,TOKO ANDRI SUGIANTO,BERAS,10000.0,105000000.0
2020-01-23,TOKO JESAYA GINTING,BERAS,10000.0,105000000.0
2020-01-27,TOKO HIDAYAH,BERAS,600.0,5904000.0
2020-01-27,TOKO HIDAYAH,DAGING,80.0,5600000.0
2020-01-28,TOKO BERKAH DUA PUTRA,BERAS,500.0,5192500.0
2020-01-28,TOKO BERKAH DUA PUTRA,DAGING,75.0,5250000.0
2020-01-28,TOKO YENNI SUSILAWATI,BERAS,1000.0,10500000.0
2020-01-28,TOKO ENDANG SUSILAWATI,BERAS,18000.0,189000000.0
2020-01-28,TOKO HARYATI,BERAS,1800.0,18900000.0
2020-01-28,TOKO ANDREAS INDAH,BERAS,3000.0,31500000.0
2020-01-28,TOKO DIANA RISTA,BERAS,2000.0,21000000.0
2020-01-29,TOKO WARUNG SANTI,BERAS,540.0,5607900.0
2020-01-29,TOKO WARUNG SANTI,DAGING,200.0,14000000.0
2020-01-30,TOKO JESAYA GINTING,BERAS,15000.0,157500000.0
2020-01-30,TOKO ENDANG SUSILAWATI,BERAS,6000.0,63000000.0
2020-01-30,TOKO DIDIK PRIOJADMIKO,BERAS,1000.0,10500000.0
2020-01-30,TOKO BOB-i,BERAS,600.0,5904000.0
2020-01-30,TOKO BOB-i,DAGING,80.0,5600000.0
2020-01-30,TOKO BUMDES USAHA JAYA BERSAMA,BERAS,700.0,6888000.0
2020-01-30,TOKO BUMDES USAHA JAYA BERSAMA,DAGING,100.0,7000000.0
2020-02-03,TOKO DARKUM KOPERASI DISPERINDAG,BERAS,500.0,4920000.0
2020-02-03,TOKO DARKUM KOPERASI DISPERINDAG,DAGING,40.0,2800000.0
2020-02-03,TOKO DARKUM KOPERASI DISPERINDAG,MIGOR,132.0,1570800.0
2020-02-03,TOKO DARKUM KOPERASI DISPERINDAG,TEPUNG,40.0,332000.0
2020-02-03,TPK PASAR JUNJUNG BUIH,BERAS,1000.0,9840000.0
2020-02-04,RUDIMAS,BERAS,750.0,7380000.0
2020-02-05,TOKO BUNGUR,BERAS,650.0,6396000.0
2020-02-05,TOKO BUNGUR,DAGING,60.0,4200000.0
2020-02-05,TOKO KIAN KIONG,BERAS,3000.0,31500000.0
2020-02-05,TOKO KHET MEN,BERAS,1000.0,10500000.0
2020-02-05,TOKO YENNI SUSILAWATI,BERAS,1500.0,15750000.0
2020-02-05,TOKO ENDANG SUSILAWATI,BERAS,12000.0,126000000.0
2020-02-05,TOKO SUKARDI,BERAS,2500.0,26250000.0
2020-02-05,TOKO KARDI,BERAS,2500.0,26250000.0
2020-02-05,TOKO ISNANI SITI RAFIAH,BERAS,1000.0,10500000.0
2020-02-05,TOKO PANISITAWATI HERMINA PAULA,BERAS,4000.0,42000000.0
2020-02-05,TOKO DENY WIDODO,BERAS,4000.0,42000000.0
2020-02-05,TOKO HERU SUSANTO,BERAS,6000.0,63000000.0
2020-02-05,TOKO RUDY,BERAS,4000.0,42000000.0
2020-02-06,TOKO BUMDES TERTUNG,BERAS,600.0,5904000.0
2020-02-06,TOKO BUMDES TERTUNG,DAGING,20.0,1400000.0
2020-02-06,TOKO FEBRIANTI INDAH LESTARI,BERAS,2800.0,29400000.0
2020-02-06,TOKO KARDI,BERAS,1100.0,11550000.0
2020-02-06,TOKO KIAN KIONG,BERAS,1000.0,10500000.0
2020-02-06,TOKO DIANA RISTA,BERAS,6000.0,63000000.0
2020-02-06,TOKO FAKHLI HARUDI,BERAS,5600.0,58800000.0
2020-02-07,TOKO ODONG SOBARI,BERAS,3000.0,31500000.0
2020-02-07,TOKO CUCUM,BERAS,1500.0,15750000.0
2020-02-07,TOKO KHET MEN,BERAS,1000.0,10500000.0
2020-02-07,TOKO JESAYA GINTING,BERAS,10000.0,105000000.0
2020-02-07,TOKO SRI WAHYUNI,BERAS,500.0,5250000.0
2020-02-10,TOKO DEWI AFRITA,BERAS,5000.0,52500000.0
2020-02-10,TOKO AANG  DARMAWAN,BERAS,750.0,7875000.0
2020-02-10,TOKO DIDIK PRIOJADMIKO,BERAS,1500.0,15750000.0
2020-02-10,TOKO ENDANG HARTATI,BERAS,1500.0,15750000.0
2020-02-10,TOKO FAKHLI HARUDI,BERAS,8000.0,84000000.0
2020-02-11,TOKO RIZKI SAKYAH,BERAS,750.0,7367250.0
2020-02-11,TOKO RIZKI SAKYAH,DAGING,20.0,1400000.0
2020-02-11,TOKO RIZKI SAKYAH,MIGOR,60.0,714000.0
2020-02-11,TOKO RIZKI SAKYAH,TEPUNG,20.0,166000.0
2020-02-12,TOKO RAHMAD,BERAS,1000.0,9823000.0
2020-02-12,TOKO RAHMAD,DAGING,20.0,1400000.0
2020-02-13,TOKO SUKA SUKA,BERAS,800.0,7858400.0
2020-02-14,TOKO YOGI,BERAS,850.0,8349550.0
2020-02-17,TOKO IRVA,BERAS,850.0,8349550.0
2020-02-17,TOKO IRVA,DAGING,20.0,1400000.0
2020-02-18,Ummi,BERAS,750.0,7367250.0
2020-02-19,TOKO TOPIN,BERAS,850.0,8349550.0
2020-02-19,TOKO DHEMA,BERAS,750.0,7367250.0
2020-02-20,TOKO SIGID PAMBUDI,BERAS,2000.0,21000000.0
2020-02-20,TOKO SYARBINUS PANGKAS,BERAS,8000.0,84000000.0
2020-02-20,TOKO SUKARDI,BERAS,7300.0,76650000.0
2020-02-20,TOKO ANDRI SUGIANTO,BERAS,15000.0,157500000.0
2020-02-20,TOKO SRI WAHYUNI,BERAS,1000.0,10500000.0
2020-02-20,TOKO AGUSTINUS,BERAS,6400.0,67200000.0
2020-02-20,TOKO ARI YANTO,BERAS,3600.0,37800000.0
2020-02-20,TOKO SAPARNI,BERAS,4800.0,50400000.0
2020-02-20,TOKO SIMON SUMARDI,BERAS,1300.0,13650000.0
2020-02-20,TOKO EKO BUDI WINASIS,BERAS,1020.0,10710000.0
2020-02-20,TOKO HERI HARYANTO,BERAS,1000.0,10500000.0
2020-02-20,TOKO EKA SAPUTRA JAYA,BERAS,5000.0,52500000.0
2020-02-21,TOKO FEBRIANTI INDAH LESTARI,BERAS,3500.0,36750000.0
2020-02-21,TOKO ENDANG SUSILAWATI,BERAS,18000.0,189000000.0
2020-02-21,TOKO DEWI AFRITA,BERAS,5000.0,52500000.0
2020-02-21,TOKO DIANA RISTA,BERAS,4000.0,42000000.0
2020-02-21,TOKO NURFADILAH,BERAS,5500.0,57750000.0
2020-02-21,TOKO MARDIUS,BERAS,2000.0,21000000.0
2020-02-21,TOKO ANTONIUS,BERAS,10000.0,105000000.0
2020-02-25,TOKO BERKAT USAHA,BERAS,700.0,6876100.0
2020-02-25,TOKO BERKAT USAHA,DAGING,120.0,8400000.0
2020-02-25,TOKO BERKAT USAHA,MIGOR,108.0,1285200.0
2020-02-25,TOKO BERKAT USAHA,TEPUNG,80.0,664000.0
2020-02-25,TOKO SILVIANA,BERAS,500.0,4911500.0
2020-02-25,TOKO SILVIANA,DAGING,80.0,5600000.0
2020-02-25,TOKO SILVIANA,MIGOR,84.0,999600.0
2020-02-25,TOKO SILVIANA,TEPUNG,40.0,332000.0
2020-02-25,TOKO KIAN KIONG,BERAS,4000.0,42000000.0
2020-02-25,TOKO KHET MEN,BERAS,1000.0,10500000.0
2020-02-25,TOKO YENNI SUSILAWATI,BERAS,1500.0,15750000.0
2020-02-25,TOKO KARDI,BERAS,2600.0,27300000.0
2020-02-25,TOKO SUNDARIANTO,BERAS,900.0,9450000.0
2020-02-25,TOKO QOYIM MASYAHARI,BERAS,500.0,5250000.0
2020-02-25,TOKO HENI LAY,BERAS,1000.0,10500000.0
2020-02-25,TOKO SOFIAN,BERAS,3000.0,31500000.0
2020-02-26,TOKO. M. FAHRIZA,BERAS,400.0,3929200.0
2020-02-26,TOKO. M. FAHRIZA,DAGING,140.0,9800000.0
2020-02-26,MEKAR SARI,BERAS,600.0,5893800.0
2020-02-26,MEKAR SARI,DAGING,160.0,11200000.0
2020-02-26,YAYASAN KESEJAHTERAAN PEGAWAI (YKP) BNI,BERAS,400.0,4800000.0
2020-02-26,YAYASAN KESEJAHTERAAN PEGAWAI (YKP) BNI,BERAS,160.0,3680000.0
2020-02-27,YAYASAN KESEJAHTERAAN PEGAWAI (YKP) BNI,BERAS,4.0,92000.0
2020-02-27,ANAPSA,BERAS,500.0,4911500.0
2020-02-27,ANAPSA,DAGING,100.0,7000000.0
2020-02-27,TOKO BU YULI,BERAS,700.0,6876100.0
2020-02-27,TOKO BU YULI,DAGING,120.0,8400000.0
2020-02-27,TOKO BU YULI,MIGOR,120.0,1428000.0
2020-02-27,TOKO BU YULI,TEPUNG,100.0,830000.0
2020-03-03,TOKO SIDAK,BERAS,100.0,1030000.0
2020-03-03,TOKO SIDAK,BERAS,850.0,8340200.0
2020-03-03,TOKO SIDAK,DAGING,40.0,2800000.0
2020-03-03,TOKO SIDAK,MIGOR,144.0,1713600.0
2020-03-03,TOKO ANUGRAH,BERAS,240.0,2448000.0
2020-03-03,TOKO ANUGRAH,BERAS,750.0,7359000.0
2020-03-04,TOKO CHALLISTA,BERAS,300.0,3060000.0
2020-03-04,TOKO CHALLISTA,BERAS,350.0,3434200.0
2020-03-05,TOKO ASSYAKIRIN,BERAS,350.0,3570000.0
2020-03-05,TOKO ASSYAKIRIN,DAGING,180.0,12600000.0
2020-03-06,TOKO USAHA,BERAS,300.0,2943600.0
2020-03-06,TOKO USAHA,DAGING,60.0,4200000.0
2020-03-06,TOKO MAJU TERUS,BERAS,500.0,4906000.0
2020-03-06,TOKO MAJU TERUS,DAGING,80.0,5600000.0
2020-03-06,TOKO MAJU TERUS,MIGOR,72.0,856800.0
2020-03-06,TOKO MAJU TERUS,TEPUNG,40.0,332000.0
2020-03-06,TOKO FEBRIANTI INDAH LESTARI,BERAS,2000.0,21000000.0
2020-03-06,TOKO KHET MEN,BERAS,1000.0,10500000.0
2020-03-06,TOKO EKA SAPUTRA JAYA,BERAS,4000.0,42000000.0
2020-03-09,TOKO LANSIA,BERAS,150.0,1530000.0
2020-03-09,TOKO LANSIA,BERAS,650.0,6377800.0
2020-03-09,TOKO LANSIA,DAGING,20.0,1400000.0
2020-03-09,TOKO HERUNIAWATI,BERAS,700.0,6868400.0
2020-03-09,TOKO HERUNIAWATI,DAGING,40.0,2800000.0
2020-03-10,TOKO ANTONIUS,BERAS,10000.0,105000000.0
2020-03-10,TOKO SARDIYANTO,BERAS,750.0,7875000.0
2020-03-10,TOKO IDAWATI,BERAS,510.0,5355000.0
2020-03-10,TOKO MIKA ERNAWATI,BERAS,1000.0,10500000.0
2020-03-10,TOKO FAKHLI HARUDI,BERAS,8000.0,84000000.0
2020-03-11,TOKO HERWIN,BERAS,20460.0,214830000.0
2020-03-11,TOKO DIANA RISTA,BERAS,4000.0,42000000.0
2020-03-11,Warung Nak Zihan,BERAS,900.0,8830800.0
2020-03-11,Warung Nak Zihan,MIGOR,84.0,999600.0
2020-03-11,Warung Nak Zihan,TEPUNG,40.0,332000.0
2020-03-11,TOKO ABANG HERIYANSYAH,BERAS,700.0,6868400.0
2020-03-11,TOKO ABANG HERIYANSYAH,MIGOR,300.0,3570000.0
2020-03-12,SAHABAT ANDA,BERAS,800.0,7849600.0
2020-03-12,SAHABAT ANDA,DAGING,20.0,1400000.0
2020-03-12,SAHABAT ANDA,TEPUNG,140.0,1162000.0
2020-03-13,TOKO CAH HERU,BERAS,750.0,7875000.0
2020-03-13,TOKO ISNANI SITI RAFIAH,BERAS,1000.0,10500000.0
2020-03-13,TOKO DIDIK PRIOJADMIKO,BERAS,4000.0,42000000.0
2020-03-13,TOKO ANTONIUS,BERAS,15000.0,157500000.0
2020-03-13,TOKO HERWIN,BERAS,10450.0,109725000.0
2020-03-13,TOKO ARI YANTO,BERAS,7200.0,75600000.0
2020-03-13,TOKO AGUSTINUS,BERAS,4700.0,49350000.0
2020-03-17,TOKO AQIL,BERAS,900.0,8840700.0
2020-03-17,TOKO AQIL,DAGING,100.0,7000000.0
2020-03-17,TOKO AQIL,MIGOR,360.0,4284000.0
2020-03-17,TOKO SIGID PAMBUDI,BERAS,600.0,5893800.0
2020-03-17,TOKO SIGID PAMBUDI,DAGING,60.0,4200000.0
2020-03-17,TOKO SIGID PAMBUDI,MIGOR,432.0,5140800.0
2020-03-18,TOKO. BUMDES JAYA,BERAS,700.0,6876100.0
2020-03-18,TOKO. BUMDES JAYA,DAGING,120.0,8400000.0
2020-03-18,TOKO DEB,BERAS,500.0,4911500.0
2020-03-18,TOKO DEB,DAGING,100.0,7000000.0
2020-03-19,TOKO ANDRI SUGIANTO,BERAS,9500.0,99750000.0
2020-03-19,TOKO SYARBINUS PANGKAS,BERAS,7700.0,80850000.0
2020-03-19,TOKO HENI LAY,BERAS,3000.0,31500000.0
2020-03-19,TOKO SAPARNI,BERAS,8800.0,92400000.0
2020-03-19,TOKO DIANA RISTA,BERAS,11000.0,115500000.0
2020-03-20,TOKO FATHULLAH ZIKRI,BERAS,300.0,3060000.0
2020-03-20,TOKO FATHULLAH ZIKRI,BERAS,600.0,5893800.0
2020-03-20,TOKO KEDAI YUDA,BERAS,270.0,2754000.0
2020-03-20,TOKO KEDAI YUDA,BERAS,500.0,4911500.0
2020-03-23,TOKO FAHRI,BERAS,100.0,1030000.0
2020-03-23,TOKO FAHRI,BERAS,900.0,8840700.0
2020-03-23,TOKO FAHRI,DAGING,80.0,5600000.0
2020-03-23,TOKO KOPERASI KONSUMEN SYARIAH BERKAH BERSEMI,BERAS,150.0,1545000.0
2020-03-23,TOKO KOPERASI KONSUMEN SYARIAH BERKAH BERSEMI,BERAS,700.0,6876100.0
2020-03-23,TOKO KOPERASI KONSUMEN SYARIAH BERKAH BERSEMI,DAGING,60.0,4200000.0
2020-03-23,YAYASAN KESEJAHTERAAN PEGAWAI (YKP) BNI,BERAS,195.0,2340000.0
2020-03-23,YAYASAN KESEJAHTERAAN PEGAWAI (YKP) BNI,BERAS,78.0,1794000.0
2020-03-24,YAYASAN KESEJAHTERAAN PEGAWAI (YKP) BNI,BERAS,2.0,46000.0
2020-03-24,TOKO BUNAWI,BERAS,500.0,4911500.0
2020-03-24,TOKO BUNAWI,MIGOR,504.0,5997600.0
2020-03-24,TOKO NURFADILAH,BERAS,55.0,566500.0
2020-03-24,TOKO NURFADILAH,BERAS,600.0,5893800.0
2020-03-24,TOKO NURFADILAH,MIGOR,504.0,5997600.0
2020-03-26,Harya Sari,BERAS,600.0,5893800.0
2020-03-26,Harya Sari,DAGING,60.0,4200000.0
2020-03-30,TOKO SUPER STOCK,BERAS,650.0,6384950.0
2020-03-30,TOKO SUPER STOCK,DAGING,60.0,4200000.0
2020-03-30,TOKO MUNIR,BERAS,750.0,7367250.0
2020-03-30,TOKO MUNIR,DAGING,80.0,5600000.0
2020-04-03,TOKO PANISITAWATI HERMINA PAULA,BERAS,4000.0,42000000.0
2020-04-03,TOKO MARDIUS,BERAS,3500.0,36750000.0
2020-04-06,TOKO DWI SUSILO,BERAS,2100.0,22050000.0
2020-04-06,TOKO ASEP SAFRUDIN,BERAS,1000.0,10500000.0
2020-04-07,TOKO HERWIN,BERAS,5440.0,57120000.0
2020-04-08,TOKO WARUNG SANTI,DAGING,200.0,14000000.0
2020-04-08,TOKO BUNGUR,DAGING,200.0,14000000.0
2020-04-09,TOKO KIAN KIONG,BERAS,930.0,9765000.0
2020-04-13,TOKO HERWIN,BERAS,13650.0,143325000.0
2020-04-13,TOKO AGUSTINUS,BERAS,5000.0,52500000.0
2020-04-13,TOKO ARI YANTO,BERAS,1800.0,18900000.0
2020-04-14,TOKO HIDAYAH,BERAS,900.0,8840700.0
2020-04-14,TOKO HIDAYAH,DAGING,200.0,14000000.0
2020-04-14,TOKO HIDAYAH,MIGOR,120.0,1482000.0
2020-04-14,TOKO HIDAYAH,TEPUNG,140.0,1120000.0
2020-04-14,TOKO ABANG HERIYANSYAH,BERAS,1000.0,9823000.0
2020-04-14,TOKO ABANG HERIYANSYAH,DAGING,180.0,12600000.0
2020-04-14,TOKO ABANG HERIYANSYAH,MIGOR,984.0,12152400.0
2020-04-14,TOKO ABANG HERIYANSYAH,TEPUNG,160.0,1280000.0
2020-04-14,TOKO KOTABARU,BERAS,1500.0,14734500.0
2020-04-14,TOKO KOTABARU,DAGING,100.0,7000000.0
2020-04-14,KARUNIA,BERAS,800.0,7858400.0
2020-04-14,KARUNIA,DAGING,100.0,7000000.0
2020-04-14,TOKO KARYA BINJAI,BERAS,850.0,8349550.0
2020-04-14,TOKO KARYA BINJAI,DAGING,80.0,5600000.0
2020-04-14,TOKO REVAN,BERAS,950.0,9331850.0
2020-04-14,TOKO REVAN,DAGING,60.0,4200000.0
2020-04-15,TOKO KIAN KIONG,BERAS,4150.0,43575000.0
2020-04-15,TOKO HERU SUSANTO,BERAS,7000.0,73500000.0
2020-04-15,TOKO JUANTI,BERAS,3400.0,35700000.0
2020-04-16,KOPERASI BRI MELAWI,BERAS,1250.0,12875000.0
2020-04-16,KOPERASI BRI MELAWI,MIGOR,250.0,3087500.0
2020-04-16,TOKO ABIZAR,BERAS,400.0,4120000.0
2020-04-16,TOKO ABIZAR,BERAS,1100.0,10805300.0
2020-04-16,TOKO ABIZAR,DAGING,60.0,4200000.0
2020-04-16,ANDY,BERAS,350.0,3605000.0
2020-04-16,ANDY,BERAS,900.0,8840700.0
2020-04-16,ANDY,DAGING,60.0,4200000.0
2020-04-20,TOKO RIZKI SAKYAH,BERAS,700.0,7140000.0
2020-04-20,TOKO RIZKI SAKYAH,BERAS,800.0,7858400.0
2020-04-20,TOKO RIZKI SAKYAH,DAGING,140.0,9800000.0
2020-04-20,TOKO RIZKI SAKYAH,MIGOR,72.0,889200.0
2020-04-20,TOKO RIZKI SAKYAH,TEPUNG,120.0,960000.0
2020-04-20,TOKO YOGI,BERAS,800.0,8160000.0
2020-04-20,TOKO YOGI,BERAS,750.0,7367250.0
2020-04-20,TOKO YOGI,DAGING,160.0,11200000.0
2020-04-20,TOKO YOGI,MIGOR,74.0,913900.0
2020-04-20,TOKO YOGI,TEPUNG,330.0,2640000.0
2020-04-20,TOKO SUKA SUKA,BERAS,550.0,5610000.0
2020-04-20,TOKO SUKA SUKA,BERAS,250.0,2455750.0
2020-04-20,TOKO SUKA SUKA,DAGING,20.0,1400000.0
2020-04-20,TOKO SUKA SUKA,DAGING,80.0,5600000.0
2020-04-20,TOKO IRVA,BERAS,450.0,4590000.0
2020-04-20,TOKO IRVA,BERAS,200.0,1964600.0
2020-04-20,TOKO IRVA,DAGING,100.0,7000000.0
2020-04-22,TOKO SULASTRI AGUSTINI,DAGING,400.0,28000000.0
2020-04-22,TOKO KINORA,DAGING,100.0,7000000.0
2020-04-24,TOKO BOB-i,DAGING,200.0,14000000.0
2020-04-24,TOKO MAJU TERUS,DAGING,200.0,14000000.0
2020-04-24,Warung Nak Zihan,DAGING,200.0,14000000.0
2020-04-24,TOKO HIDAYAH,DAGING,200.0,14000000.0
2020-04-24,SAHABAT ANDA,DAGING,200.0,14000000.0
2020-04-24,TOKO SULASTRI AGUSTINI,DAGING,300.0,21000000.0
2020-04-28,TOKO DARKUM KOPERASI DISPERINDAG,BERAS,120.0,1236000.0
2020-04-28,TOKO DARKUM KOPERASI DISPERINDAG,BERAS,4.0,92000.0
2020-04-28,TOKO DARKUM KOPERASI DISPERINDAG,DAGING,200.0,14000000.0
2020-04-28,TOKO DARKUM KOPERASI DISPERINDAG,MIGOR,480.0,5928000.0
2020-04-28,TOKO DARKUM KOPERASI DISPERINDAG,TEPUNG,240.0,1920000.0
2020-04-28,TOKO IFAL,DAGING,180.0,12600000.0
2020-04-28,TOKO BERKAH DUA PUTRA,DAGING,350.0,24500000.0
2020-04-28,TOKO BERKAH DUA PUTRA,MIGOR,420.0,5187000.0
2020-04-28,TOKO BERKAH DUA PUTRA,TEPUNG,60.0,480000.0
2020-04-28,TOKO EKA SAPUTRA JAYA,DAGING,100.0,7000000.0
2020-04-28,TOKO EKA SAPUTRA JAYA,MIGOR,900.0,11115000.0
2020-04-28,TOKO EKA SAPUTRA JAYA,TEPUNG,450.0,3600000.0
2020-04-28,ANAPSA,DAGING,220.0,15400000.0
2020-04-28,MEKAR SARI,DAGING,300.0,21000000.0
2020-04-28,YAYASAN KESEJAHTERAAN PEGAWAI (YKP) BNI,BERAS,380.0,4560000.0
2020-04-28,YAYASAN KESEJAHTERAAN PEGAWAI (YKP) BNI,BERAS,152.0,3496000.0
2020-04-28,YAYASAN KESEJAHTERAAN PEGAWAI (YKP) BNI,BERAS,4.0,92000.0
2020-04-29,Ummi,DAGING,170.0,11900000.0
2020-04-29,TOKO RAHMAD,DAGING,180.0,12600000.0
2020-04-29,TOKO TOPIN,DAGING,220.0,15400000.0
2020-04-29,TOKO DHEMA,DAGING,100.0,7000000.0
2020-05-13,TOKO ENGKON,BERAS,200000.0,2047000000.0
2020-05-13,TOKO NURDIAH,MIGOR,240.0,2964000.0
2020-05-13,TOKO NURDIAH,TEPUNG,80.0,640000.0
2020-05-13,TOKO MUHAMMAD JUMADI,MIGOR,192.0,2371200.0
2020-05-13,TOKO MUHAMMAD JUMADI,TEPUNG,60.0,480000.0
2020-05-13,TOKO DWIANA MARYATI,MIGOR,180.0,2223000.0
2020-05-13,TOKO DWIANA MARYATI,TEPUNG,60.0,480000.0
2020-05-14,TOKO SIMON SUMARDI,MIGOR,300.0,3705000.0
2020-05-14,TOKO SIMON SUMARDI,TEPUNG,100.0,800000.0
2020-05-14,TOKO JANUR SAPUTRA,MIGOR,480.0,5928000.0
2020-05-14,TOKO JANUR SAPUTRA,TEPUNG,100.0,800000.0
2020-05-14,TOKO MOMONG ALPINA,MIGOR,412.0,5088200.0
2020-05-14,TOKO MOMONG ALPINA,TEPUNG,100.0,800000.0
2020-05-20,TOKO BOB-i,BERAS,950.0,9785000.0
2020-05-20,TOKO BOB-i,BERAS,2300.0,23460000.0
2020-05-20,TOKO BUMDES USAHA JAYA BERSAMA,BERAS,850.0,8755000.0
2020-05-20,TOKO BUMDES USAHA JAYA BERSAMA,BERAS,2500.0,25500000.0
2020-05-20,TOKO BERKAT USAHA,BERAS,825.0,8497500.0
2020-05-20,TOKO BERKAT USAHA,BERAS,3000.0,30600000.0
2020-05-20,TOKO BU YULI,BERAS,925.0,9527500.0
2020-05-20,TOKO BU YULI,BERAS,2250.0,22950000.0
2020-05-20,TOKO SIDAK,BERAS,750.0,7725000.0
2020-05-20,TOKO SIDAK,BERAS,2400.0,24480000.0
2020-05-20,TOKO ANUGRAH,BERAS,700.0,7210000.0
2020-05-20,TOKO ANUGRAH,BERAS,2550.0,26010000.0
2020-05-20,TOKO RITA ROSANTI,BERAS,7000.0,73500000.0
2020-05-20,TOKO SAMSUL HIDAYAT,BERAS,7000.0,73500000.0
2020-05-20,TOKO DEWI AFRITA,BERAS,6000.0,63000000.0
2020-05-20,TOKO AGUSTINUS,BERAS,4500.0,47250000.0
2020-05-20,TOKO NURFADILAH,BERAS,5500.0,57750000.0
2020-06-04,HOLIDAY MART,GULA,2500.0,30000000.0
2020-06-04,TOKO ANUGRAH,BERAS,900.0,8840700.0
2020-06-04,TOKO ANUGRAH,GULA,2500.0,30000000.0
2020-06-04,TOKO BERKAT USAHA,BERAS,1500.0,14734500.0
2020-06-04,TOKO BERKAT USAHA,GULA,8500.0,102000000.0
2020-06-04,TOKO SUPARNO (SMS),GULA,10000.0,120000000.0
2020-06-04,TOKO APO,GULA,10000.0,120000000.0
2020-06-04,TOKO SUYONO (BINTANG KAPUAS),GULA,8000.0,96000000.0
2020-06-04,TOKO NURDIAH,BERAS,950.0,9331850.0
2020-06-04,TOKO NURDIAH,GULA,5000.0,60000000.0
2020-06-04,TOKO NURDIAH,MIGOR,240.0,2964000.0
2020-06-04,TOKO NURDIAH,TEPUNG,60.0,480000.0
2020-06-04,TOKO MUNIR,BERAS,1250.0,12278750.0
2020-06-04,TOKO MUNIR,GULA,500.0,6000000.0
2020-06-04,TOKO ABANG HERIYANSYAH,BERAS,1500.0,14734500.0
2020-06-04,TOKO ABANG HERIYANSYAH,GULA,900.0,10800000.0
2020-06-04,TOKO ABANG HERIYANSYAH,MIGOR,600.0,7410000.0
2020-06-04,TOKO ABANG HERIYANSYAH,TEPUNG,300.0,2400000.0
2020-06-04,TOKO KOTABARU,BERAS,2500.0,24557500.0
2020-06-04,TOKO KOTABARU,GULA,8500.0,102000000.0
2020-06-04,SAHABAT ANDA,BERAS,800.0,7858400.0
2020-06-04,SAHABAT ANDA,GULA,2550.0,30600000.0
2020-06-04,SAHABAT ANDA,MIGOR,180.0,2223000.0
2020-06-04,SAHABAT ANDA,TEPUNG,160.0,1280000.0
2020-06-05,Warung Nak Zihan,BERAS,1250.0,12278750.0
2020-06-05,Warung Nak Zihan,GULA,5050.0,60600000.0
2020-06-05,TOKO FAHRI,BERAS,1000.0,9823000.0
2020-06-05,TOKO FAHRI,GULA,2000.0,24000000.0
2020-06-05,TOKO ABIZAR,BERAS,1500.0,14734500.0
2020-06-05,TOKO ABIZAR,GULA,4750.0,57000000.0
2020-06-05,TOKO TOPIN,BERAS,850.0,8349550.0
2020-06-05,TOKO TOPIN,GULA,1250.0,15000000.0
2020-06-05,TOKO SIDAK,BERAS,500.0,4911500.0
2020-06-05,TOKO SIDAK,GULA,950.0,11400000.0
2020-06-05,TOKO BOB-i,BERAS,500.0,4911500.0
2020-06-05,TOKO BOB-i,GULA,3500.0,42000000.0
2020-06-05,TOKO ARI YANTO,GULA,1000.0,12000000.0
2020-06-05,TOKO BERKAT USAHA,GULA,9550.0,114600000.0
2020-06-05,TOKO SUYONO (BINTANG KAPUAS),GULA,13000.0,156000000.0
2020-06-08,TPK PASAR JUNJUNG BUIH,GULA,1850.0,22200000.0
2020-06-08,TOKO SUPARNO (SMS),GULA,13000.0,156000000.0
2020-06-08,TOKO APO,GULA,6500.0,78000000.0
2020-06-09,TOKO JAYA SENTOSA,GULA,3500.0,42000000.0
2020-06-09,TOKO AMI,GULA,1300.0,15600000.0
2020-06-09,TOKO SYAMSUDIN (INTAN MART),GULA,2000.0,24000000.0
2020-06-09,TOKO M. DJAFARI (AFAR 99),GULA,1400.0,16800000.0
2020-06-09,TOKO BAS JAYA,GULA,2550.0,30600000.0
2020-06-09,TOKO ALIKA,GULA,1450.0,17400000.0
2020-06-09,TOKO ARDO,GULA,4300.0,51600000.0
2020-06-09,TOKO MAJU TERUS,GULA,2150.0,25800000.0
2020-06-09,TOKO ALIF,GULA,1150.0,13800000.0
2020-06-10,TOKO SYUHAINI,GULA,2950.0,35400000.0
2020-06-10,TOKO SYUHAINI,MIGOR,120.0,1482000.0
2020-06-10,TOKO SYUHAINI,TEPUNG,100.0,800000.0
2020-06-10,TOKO BERKAT USAHA,GULA,7450.0,89400000.0
2020-06-10,TOKO APO,GULA,10000.0,120000000.0
2020-06-10,TOKO YOGI,GULA,1050.0,12600000.0
2020-06-10,TOKO YOGI,MIGOR,132.0,1630200.0
2020-06-10,TOKO YOGI,TEPUNG,160.0,1280000.0
2020-06-10,TOKO AQIL,GULA,6900.0,82800000.0
2020-06-10,TOKO DEB,GULA,6500.0,78000000.0
2020-06-10,TOKO DIDIK PRIOJADMIKO,BERAS,4000.0,42000000.0
2020-06-10,TOKO SUKARDI,BERAS,5000.0,52500000.0
2020-06-10,TOKO RUDY,BERAS,5000.0,52500000.0
2020-06-10,TOKO ABANG HERIYANSYAH,BERAS,3000.0,31500000.0
2020-06-10,TOKO APRIYANTO,BERAS,3010.0,31605000.0
2020-06-10,TOKO AHMAD PUTRA,BERAS,2000.0,21000000.0
2020-06-19,TOKO RIZKI SAKYAH,BERAS,1500.0,15300000.0
2020-06-19,TOKO RIZKI SAKYAH,BERAS,1150.0,11296450.0
2020-06-19,TOKO RIZKI SAKYAH,TEPUNG,40.0,320000.0
2020-06-19,SAHABAT ANDA,BERAS,1300.0,13260000.0
2020-06-19,SAHABAT ANDA,BERAS,1100.0,10805300.0
2020-06-19,SAHABAT ANDA,TEPUNG,80.0,640000.0
2020-06-19,TOKO DARKUM KOPERASI DISPERINDAG,BERAS,1230.0,12546000.0
2020-06-19,TOKO DARKUM KOPERASI DISPERINDAG,BERAS,1000.0,9823000.0
2020-06-19,TOKO DARKUM KOPERASI DISPERINDAG,TEPUNG,100.0,800000.0
2020-06-19,TOKO TOPIN,BERAS,1100.0,11220000.0
2020-06-19,TOKO TOPIN,BERAS,950.0,9331850.0
2020-06-19,TOKO IRVA,BERAS,950.0,9690000.0
2020-06-19,TOKO IRVA,BERAS,800.0,7858400.0
2020-06-19,TOKO HERUNIAWATI,BERAS,1300.0,13260000.0
2020-06-19,TOKO HERI HARYANTO,BERAS,1000.0,10500000.0
2020-06-19,TOKO SIMON SUMARDI,BERAS,1000.0,10500000.0
2020-06-19,TOKO DAVIS SUKA,BERAS,1500.0,15750000.0
2020-06-19,TOKO DIANA RISTA,BERAS,4000.0,42000000.0
2020-06-19,TOKO ABANG HERIYANSYAH,BERAS,2000.0,21000000.0
2020-06-19,TOKO AMRAN,BERAS,500.0,5250000.0
2020-06-19,TOKO ASEP SAFRUDIN,BERAS,500.0,5250000.0
2020-06-19,TOKO DWIANA MARYATI,BERAS,1100.0,11550000.0
2020-06-19,TOKO SOFIAN,BERAS,3000.0,31500000.0
2020-06-19,TOKO PESSY MIAR,BERAS,4000.0,42000000.0
2020-06-19,TOKO SRI MASMIDAH,BERAS,5000.0,52500000.0
2020-06-19,TOKO ISNANI SITI RAFIAH,BERAS,1000.0,10500000.0
2020-06-19,TOKO ANDREAS INDAH,BERAS,5000.0,52500000.0
2020-06-19,TOKO DEWI AFRITA,BERAS,5000.0,52500000.0
2020-06-19,TOKO FEBRIANTI INDAH LESTARI,BERAS,2000.0,21000000.0
2020-06-19,TOKO KHET MEN,BERAS,2500.0,26250000.0
2020-06-19,TOKO YENNI SUSILAWATI,BERAS,1000.0,10500000.0
2020-06-19,TOKO SARDIYANTO,BERAS,1000.0,10500000.0
2020-06-19,TOKO GATOT SUBROTO,BERAS,500.0,5250000.0
2020-06-19,TOKO KARDI,BERAS,1500.0,15750000.0
2020-06-22,TOKO SYAMSUDIN (INTAN MART),GULA,4000.0,47200000.0
2020-06-22,TOKO SUPARNO (SMS),GULA,5000.0,59000000.0
2020-06-22,TOKO ALIKA,GULA,100.0,1180000.0
2020-06-22,TOKO M. DJAFARI (AFAR 99),GULA,3000.0,35400000.0
2020-06-22,TOKO SIGID PAMBUDI,GULA,600.0,7080000.0
2020-06-22,TOKO AQIL,GULA,100.0,1180000.0
2020-06-23,HOLIDAY MART,GULA,2500.0,29500000.0
2020-06-23,TOKO ABIZAR,GULA,500.0,5900000.0
2020-06-23,TOKO ALIKA,BERAS,450.0,4590000.0
2020-06-23,TOKO ALIKA,BERAS,50.0,491150.0
2020-06-23,YAYASAN KESEJAHTERAAN PEGAWAI (YKP) BNI,BERAS,190.0,2280000.0
2020-06-23,YAYASAN KESEJAHTERAAN PEGAWAI (YKP) BNI,BERAS,76.0,1748000.0
2020-06-24,PT. BANK RAKYAT INDONESIA (PERSERO) Tbk.,BERAS,300.0,3600000.0
2020-06-24,PT. BANK RAKYAT INDONESIA (PERSERO) Tbk.,BERAS,60.0,1380000.0
2020-06-24,TOKO M. DJAFARI (AFAR 99),GULA,1150.0,13570000.0
2020-06-25,PT. BANK RAKYAT INDONESIA (PERSERO) Tbk.,BERAS,675.0,8100000.0
2020-06-25,PT. BANK RAKYAT INDONESIA (PERSERO) Tbk.,BERAS,135.0,3105000.0
2020-06-26,TOKO DARKUM KOPERASI DISPERINDAG,GULA,2000.0,23600000.0
2020-06-26,TOKO SYUHAINI,GULA,300.0,3540000.0
2020-06-26,TOKO BU YULI,BERAS,570.0,5814000.0
2020-06-29,TOKO ALEXANDER Y.,BERAS,1000.0,10500000.0
2020-06-29,TOKO ARI YANTO,BERAS,4000.0,42000000.0
2020-06-29,TOKO AGUSTINUS,BERAS,5000.0,52500000.0
2020-06-29,TOKO HENI LAY,BERAS,1000.0,10500000.0
2020-06-29,TOKO SRI MASMIDAH,BERAS,5000.0,52500000.0
2020-06-29,TOKO SIGID PAMBUDI,BERAS,1000.0,10500000.0
2020-06-29,TOKO URAI INA KURNIA,BERAS,2000.0,21000000.0
2020-06-29,TOKO JESAYA GINTING,BERAS,2500.0,26250000.0
2020-06-29,TOKO KIAN KIONG,BERAS,1000.0,10500000.0
2020-07-01,TOKO ARDO,BERAS,380.0,3876000.0
2020-07-01,TOKO ARDO,GULA,600.0,7080000.0
2020-07-06,TOKO BERKAH DUA PUTRA,BERAS,105.0,1102500.0
2020-07-06,TOKO BERKAH DUA PUTRA,BERAS,750.0,7650000.0
2020-07-06,TOKO BERKAH DUA PUTRA,BERAS,300.0,2946900.0
2020-07-06,TOKO BERKAH DUA PUTRA,GULA,50.0,590000.0
2020-07-07,TOKO KHET MEN,BERAS,1000.0,10500000.0
2020-07-07,TOKO JESAYA GINTING,BERAS,2000.0,21000000.0
2020-07-07,TOKO GATOT SUBROTO,BERAS,500.0,5250000.0
2020-07-07,TOKO ENDANG RASMINI,BERAS,1000.0,10500000.0
2020-07-07,TOKO BUNAWI,BERAS,1200.0,12600000.0
2020-07-07,TOKO ARI YANTO,BERAS,3000.0,31500000.0
2020-07-07,TOKO EKO BUDI WINASIS,BERAS,380.0,3990000.0
2020-07-08,TOKO SYUHAINI,BERAS,470.0,4794000.0
2020-07-08,TOKO SYUHAINI,GULA,350.0,4130000.0
2020-07-10,TOKO MAJU TERUS,GULA,1900.0,22420000.0
2020-07-13,TOKO BUNGUR,BERAS,100.0,1050000.0
2020-07-13,TOKO BUNGUR,BERAS,150.0,1473450.0
2020-07-13,TOKO BUNGUR,BERAS,29.0,667000.0
2020-07-13,TOKO BUNGUR,GULA,50.0,590000.0
2020-07-13,TOKO PESSY MIAR,BERAS,4000.0,42000000.0
2020-07-13,TOKO ASUN,BERAS,1500.0,15750000.0
2020-07-13,TOKO SILVIANA,BERAS,2000.0,21000000.0
2020-07-13,TOKO JUANTI,BERAS,2000.0,21000000.0
2020-07-13,TOKO IDAWATI,BERAS,200.0,2100000.0
2020-07-13,TOKO MIKA ERNAWATI,BERAS,350.0,3675000.0
2020-07-13,TOKO HERU SUSANTO,BERAS,6000.0,63000000.0
2020-07-13,TOKO ALFONSO,BERAS,5000.0,52500000.0
2020-07-13,TOKO IGNASIUS SUNARNO,BERAS,5000.0,52500000.0
2020-07-13,TOKO FEBRIANTI INDAH LESTARI,BERAS,1000.0,10500000.0
2020-07-13,TOKO BUNAWI,BERAS,460.0,4830000.0
2020-07-13,TOKO AIDI K.,BERAS,50000.0,510000000.0
2020-07-14,TOKO KHET MEN,BERAS,3000.0,31500000.0
2020-07-14,TOKO ACAP,BERAS,1500.0,15750000.0
2020-07-14,TOKO ENDANG HARTATI,BERAS,1500.0,15750000.0
2020-07-14,TOKO BUNAWI,BERAS,1500.0,15750000.0
2020-07-14,TOKO SUKARDI,BERAS,1800.0,18900000.0
2020-07-17,TOKO KIAN KIONG,BERAS,1000.0,10485000.0
2020-07-17,TOKO PRAYOGA,BERAS,2000.0,20970000.0
2020-07-17,TOKO ISNANI SITI RAFIAH,BERAS,1000.0,10485000.0
2020-07-17,TOKO SIGID PAMBUDI,BERAS,1500.0,15727500.0
2020-07-17,TOKO SARDIYANTO,BERAS,1500.0,15727500.0
2020-07-17,TOKO ENDANG HARTATI,BERAS,1000.0,10485000.0
2020-07-17,TOKO ANDREAS INDAH,BERAS,7000.0,73395000.0
2020-07-17,TOKO BUNAWI,BERAS,100.0,1048500.0
2020-07-17,TOKO KARDI,BERAS,1500.0,15727500.0
2020-07-17,TOKO HENI LAY,BERAS,1000.0,10485000.0
2020-07-17,TOKO ALEXANDER Y.,BERAS,1000.0,10485000.0
2020-07-17,TOKO HERI HARYANTO,BERAS,1000.0,10485000.0
2020-07-17,TOKO FATMAWATI,BERAS,1500.0,15727500.0
2020-07-17,TOKO HERMANSYAH,BERAS,300.0,3145500.0
2020-07-17,TOKO SOFIAN,BERAS,2000.0,20970000.0
2020-07-17,TOKO NURDIAH,BERAS,1500.0,15727500.0
2020-07-17,TOKO MAJU TERUS,BERAS,1550.0,15538750.0
2020-07-20,TOKO YENNI SUSILAWATI,BERAS,1500.0,15727500.0
2020-07-20,TOKO PANISITAWATI HERMINA PAULA,BERAS,3500.0,36697500.0
2020-07-20,TOKO DEWI AFRITA,BERAS,5000.0,52425000.0
2020-07-20,TOKO ENDANG HARTATI,BERAS,2000.0,20970000.0
2020-07-20,TOKO JESAYA GINTING,BERAS,2500.0,26212500.0
2020-07-20,TOKO BUNAWI,BERAS,760.0,7968600.0
2020-07-20,TOKO SUMARSONO,BERAS,5000.0,52425000.0
2020-07-21,TOKO ARDO,BERAS,1400.0,14035000.0
2020-07-21,TOKO ARDO,GULA,450.0,5310000.0
2020-07-21,TOKO BUNAWI,BERAS,180.0,1887300.0
2020-07-21,TOKO ARI YANTO,BERAS,5000.0,52425000.0
2020-07-21,TOKO ALEXANDER Y.,BERAS,1000.0,10485000.0
2020-07-21,TOKO APRIYANTO,BERAS,2500.0,26212500.0
2020-07-21,TOKO HENDRA. S,BERAS,1000.0,10485000.0
2020-07-21,TOKO DAVIS SUKA,BERAS,1500.0,15727500.0
2020-07-21,TOKO DWIANA MARYATI,BERAS,700.0,7339500.0
2020-07-21,TOKO SUNDARIANTO,BERAS,500.0,5242500.0
2020-07-21,TOKO AMRAN,BERAS,500.0,5242500.0
2020-07-21,YAYASAN KESEJAHTERAAN PEGAWAI (YKP) BNI,BERAS,180.0,2160000.0
2020-07-21,YAYASAN KESEJAHTERAAN PEGAWAI (YKP) BNI,BERAS,72.0,1656000.0
2020-07-28,TOKO BERKAH DUA PUTRA,TEPUNG,200.0,1600000.0
2020-07-28,TOKO ABANG HERIYANSYAH,BERAS,4500.0,47182500.0
2020-07-28,TOKO AGUSTINUS,BERAS,6000.0,62910000.0
2020-08-04,TOKO APO,TEPUNG,700.0,5600000.0
2020-08-11,TOKO BU YULI,BERAS,150.0,1571250.0
2020-08-11,TOKO BU YULI,BERAS,1500.0,15285000.0
2020-08-11,TOKO SIDAK,BERAS,100.0,1047500.0
2020-08-11,TOKO SIDAK,BERAS,1200.0,12228000.0
2020-08-11,TOKO ABIZAR,BERAS,100.0,1047500.0
2020-08-11,TOKO ABIZAR,BERAS,1100.0,11209000.0
2020-08-11,TOKO BUNGUR,BERAS,100.0,1047500.0
2020-08-11,TOKO BUNGUR,BERAS,1020.0,10393800.0
2020-08-11,TOKO BUNGUR,BERAS,1100.0,10809700.0
2020-08-11,TOKO BUNGUR,GULA,250.0,2950000.0
2020-08-11,TOKO FAKHLI HARUDI,BERAS,17000.0,178245000.0
2020-08-11,TOKO IMIN,BERAS,1500.0,15727500.0
2020-08-11,TOKO SRI MASMIDAH,BERAS,9000.0,94365000.0
2020-08-11,TOKO PESSY MIAR,BERAS,12000.0,125820000.0
2020-08-11,TOKO LINA,BERAS,4000.0,41940000.0
2020-08-11,TOKO IIP KUSPOYO,BERAS,2000.0,20970000.0
2020-08-11,TOKO NURFADILAH,BERAS,2470.0,25897950.0
2020-08-11,TOKO ISNANI SITI RAFIAH,BERAS,2000.0,20970000.0
2020-08-11,TOKO ABANG HERIYANSYAH,BERAS,1500.0,15727500.0
2020-08-11,TOKO EKA SAPUTRA JAYA,BERAS,1800.0,18873000.0
2020-08-11,TOKO SUBIANTO,BERAS,1500.0,15727500.0
2020-08-11,TOKO MARDIUS,BERAS,1500.0,15727500.0
2020-08-11,TOKO DAVIS SUKA,BERAS,1500.0,15727500.0
2020-08-11,TOKO SILVIANA,BERAS,2000.0,20970000.0
2020-08-11,TOKO FLORENTINA,BERAS,1000.0,10485000.0
2020-08-11,TOKO FATMAWATI,BERAS,1500.0,15727500.0
2020-08-11,TOKO APRIYANTO,BERAS,2500.0,26212500.0
2020-08-11,TOKO SIMON SUMARDI,BERAS,1300.0,13630500.0
2020-08-11,TOKO ARI YANTO,BERAS,1800.0,18873000.0
2020-08-11,TOKO ALFONSO,BERAS,6000.0,62910000.0
2020-08-11,TOKO ANDREAS INDAH,BERAS,3130.0,32818050.0
2020-08-12,SAHABAT ANDA,BERAS,3.0,69000.0
2020-08-12,SAHABAT ANDA,GULA,200.0,2360000.0
2020-08-12,SAHABAT ANDA,TEPUNG,80.0,666080.0
2020-08-14,TOKO IGNASIUS SUNARNO,BERAS,12000.0,125820000.0
2020-08-14,TOKO KARDI,BERAS,2300.0,24115500.0
2020-08-14,TOKO BUNAWI,BERAS,3000.0,31455000.0
2020-08-14,TOKO YAKOB,BERAS,6000.0,62910000.0
2020-08-14,TOKO DEWI AFRITA,BERAS,5500.0,57667500.0
2020-08-14,TOKO HERU SUSANTO,BERAS,6000.0,62910000.0
2020-08-14,TOKO FEBRIANTI INDAH LESTARI,BERAS,1200.0,12582000.0
2020-08-14,YAYASAN KESEJAHTERAAN PEGAWAI (YKP) BNI,BERAS,185.0,2220000.0
2020-08-14,YAYASAN KESEJAHTERAAN PEGAWAI (YKP) BNI,BERAS,74.0,1702000.0
2020-08-19,TOKO RIZKI SAKYAH,BERAS,350.0,3666250.0
2020-08-19,TOKO RIZKI SAKYAH,BERAS,1000.0,9827000.0
2020-08-19,TOKO RIZKI SAKYAH,GULA,150.0,1770000.0
2020-08-24,TOKO SIDAK,BERAS,65.0,680875.0
2020-08-24,TOKO SIDAK,BERAS,1000.0,10190000.0
2020-08-24,TOKO SIDAK,TEPUNG,20.0,166520.0
2020-08-24,TOKO FEBRIANTI INDAH LESTARI,BERAS,1500.0,15727500.0
2020-08-24,TOKO KIAN KIONG,BERAS,1000.0,10485000.0
2020-08-24,TOKO SARDIYANTO,BERAS,2000.0,20970000.0
2020-08-24,TOKO DWI SUSILO,BERAS,2000.0,20970000.0
2020-08-24,TOKO ENDANG RASMINI,BERAS,1000.0,10485000.0
2020-08-24,TOKO URAI INA KURNIA,BERAS,2500.0,26212500.0
2020-08-26,TOKO DEWI AFRITA,BERAS,4000.0,41940000.0
2020-08-27,TOKO ANDREAS INDAH,BERAS,2570.0,26946450.0
2020-08-27,Warung Nak Zihan,BERAS,1000.0,10355000.0
2020-08-27,Warung Nak Zihan,BERAS,150.0,1474050.0
2020-08-27,Warung Nak Zihan,GULA,50.0,590000.0
2020-08-28,TOKO FEBRIANTI INDAH LESTARI,BERAS,1000.0,10485000.0
2020-08-28,TOKO BUNGUR,BERAS,160.0,1688000.0
2020-08-28,TOKO BUNGUR,BERAS,1150.0,11301050.0
2020-08-28,TOKO BUNGUR,GULA,50.0,590000.0
2020-08-31,TOKO DEWI AFRITA,BERAS,1500.0,15727500.0
2020-08-31,TOKO ABIZAR,BERAS,100.0,1019000.0
2020-08-31,TOKO ARDO,BERAS,310.0,3270500.0
2020-08-31,TOKO ARDO,GULA,150.0,1770000.0
2020-09-07,TOKO MAJU TERUS,GULA,300.0,3540000.0
2020-09-09,TOKO IRVA,BERAS,600.0,6330000.0
2020-09-09,TOKO BOB-i,BERAS,900.0,9122400.0
2020-09-09,TOKO ISNANI SITI RAFIAH,BERAS,2000.0,21590000.0
2020-09-09,TOKO ENDANG HARTATI,BERAS,2000.0,21590000.0
2020-09-09,TOKO URAI INA KURNIA,BERAS,2000.0,21590000.0
2020-09-09,TOKO KHET MEN,BERAS,1000.0,10795000.0
2020-09-10,Warung Nak Zihan,BERAS,750.0,8088750.0
2020-09-10,Warung Nak Zihan,BERAS,150.0,1582500.0
2020-09-14,TOKO BU YULI,BERAS,250.0,2637500.0
2020-09-14,TOKO BU YULI,BERAS,100.0,1013600.0
2020-09-14,TOKO IDAWATI,BERAS,210.0,2266950.0
2020-09-14,TOKO SILVIANA,BERAS,1500.0,16192500.0
2020-09-14,TOKO AGUSTINUS,BERAS,3000.0,32385000.0
2020-09-14,TOKO ASEP SAFRUDIN,BERAS,400.0,4318000.0
2020-09-14,TOKO SUNDARIANTO,BERAS,400.0,4318000.0
2020-09-14,TOKO IMIN,BERAS,4000.0,43180000.0
2020-09-14,TOKO JUANTI,BERAS,1500.0,16192500.0
2020-09-14,TOKO PRAYOGA,BERAS,2000.0,21590000.0
2020-09-14,TOKO YAKOB,BERAS,6000.0,64770000.0
2020-09-14,TOKO DEWI AFRITA,BERAS,5500.0,59372500.0
2020-09-14,TOKO SUKARDI,BERAS,1800.0,19431000.0
2020-09-14,TOKO DIDIK PRIOJADMIKO,BERAS,1500.0,16192500.0
2020-09-14,TOKO SITI CHOMSAH,BERAS,300.0,3238500.0
2020-09-14,TOKO BUNAWI,BERAS,2500.0,26987500.0
2020-09-15,TOKO ARI YANTO,BERAS,1800.0,19431000.0
2020-09-15,TOKO AMRAN,BERAS,250.0,2698750.0
2020-09-15,TOKO NURFADILAH,BERAS,1300.0,14033500.0
2020-09-15,TOKO ENDANG HARTATI,BERAS,2000.0,21590000.0
2020-09-16,TOKO ALEXANDER Y.,BERAS,1500.0,16192500.0
2020-09-16,TOKO HERMANSYAH,BERAS,500.0,5397500.0
2020-09-16,TOKO ENDANG SUSILAWATI,BERAS,12000.0,129540000.0
2020-09-16,TOKO HERMANTO,BERAS,2500.0,26987500.0
2020-09-16,TOKO SARDIYANTO,BERAS,2000.0,21590000.0
2020-09-17,TOKO USAHA,BERAS,950.0,9951250.0
2020-09-17,TOKO USAHA,BERAS,150.0,1474050.0
2020-09-17,TOKO BU YULI,BERAS,2500.0,26375000.0
2020-09-21,TOKO ABIZAR,BERAS,850.0,8352950.0
2020-09-22,TOKO SUKARDI,BERAS,1800.0,18873000.0
2020-09-22,TOKO DWI SUSILO,BERAS,1600.0,16776000.0
2020-09-22,TOKO YENNI SUSILAWATI,BERAS,1500.0,15727500.0
2020-09-22,TOKO SIMON SUMARDI,BERAS,1200.0,12582000.0
2020-09-22,TOKO EKO BUDI WINASIS,BERAS,240.0,2516400.0
2020-09-22,YAYASAN KESEJAHTERAAN PEGAWAI (YKP) BNI,BERAS,190.0,2280000.0
2020-09-22,YAYASAN KESEJAHTERAAN PEGAWAI (YKP) BNI,BERAS,76.0,1748000.0
2020-09-23,TOKO DWIANA MARYATI,BERAS,800.0,8636000.0
2020-09-23,TOKO AHMAD PUTRA,BERAS,250.0,2698750.0
2020-09-23,TOKO APRIYANTO,BERAS,3000.0,32535000.0
2020-09-23,TOKO FATMAWATI,BERAS,1000.0,10845000.0
2020-09-23,TOKO NURDIAH,BERAS,1000.0,10845000.0
2020-09-23,TOKO SIMUS,BERAS,500.0,5422500.0
2020-09-23,TOKO SOFIAN,BERAS,2000.0,21690000.0
2020-09-23,TOKO IIP KUSPOYO,BERAS,170.0,1843650.0
2020-09-28,TOKO FEBRIANTI INDAH LESTARI,BERAS,1500.0,15727500.0
2020-09-28,TOKO PRAYOGA,BERAS,2000.0,20970000.0
2020-09-28,TOKO YULIANA,BERAS,3500.0,36697500.0
2020-09-28,TOKO EKO BUDI WINASIS,BERAS,160.0,1677600.0
2020-09-28,TOKO FLORENTINA,BERAS,500.0,5242500.0
2020-09-28,TOKO RUSMALA,BERAS,500.0,5242500.0
2020-09-28,TOKO AGUSTINUS,BERAS,2000.0,20970000.0
2020-09-28,TOKO QOYIM MASYAHARI,BERAS,500.0,5242500.0
2020-09-28,TOKO AHMAD PUTRA,BERAS,230.0,2411550.0
2020-09-28,TOKO IIP KUSPOYO,BERAS,810.0,8492850.0
2020-09-29,TOKO SUKA SUKA,BERAS,1100.0,11149600.0
2020-09-29,TOKO SUKA SUKA,DAGING,100.0,8816000.0
2020-09-29,TOKO BERKAH DUA PUTRA,BERAS,630.0,6646500.0
2020-09-29,TOKO BERKAH DUA PUTRA,BERAS,500.0,5064000.0
2020-10-05,TOKO HANAFI,BERAS,220.0,2321000.0
2020-10-05,TOKO HANAFI,BERAS,50.0,506400.0
2020-10-05,TOKO HANAFI,DAGING,40.0,3526400.0
2020-10-05,TOKO DIDIK PRIOJADMIKO,BERAS,1500.0,15727500.0
2020-10-05,TOKO URAI INA KURNIA,BERAS,2300.0,24115500.0
2020-10-05,TOKO DEWI AFRITA,BERAS,1500.0,15727500.0
2020-10-05,TOKO ARI YANTO,BERAS,1800.0,18873000.0
2020-10-05,TOKO ALEXANDER Y.,BERAS,1000.0,10485000.0
2020-10-05,TOKO JUANTI,BERAS,800.0,8388000.0
2020-10-05,TOKO APRIYANTO,BERAS,300.0,3145500.0
2020-10-05,TOKO HENDRA. S,BERAS,1000.0,10485000.0
2020-10-07,TOKO KOPERASI KONSUMEN SYARIAH BERKAH BERSEMI,BERAS,270.0,2848500.0
2020-10-07,TOKO ENDANG SUSILAWATI,BERAS,5900.0,61861500.0
2020-10-07,TOKO MIKA ERNAWATI,BERAS,650.0,6815250.0
2020-10-07,TOKO MUHAMMAD RONI,BERAS,400.0,4194000.0
2020-10-07,TOKO EKA SAPUTRA JAYA,BERAS,1000.0,10485000.0
2020-10-07,TOKO ASUN,BERAS,1500.0,15727500.0
2020-10-07,TOKO MOMONG ALPINA,BERAS,500.0,5242500.0
2020-10-12,ANAPSA,BERAS,350.0,3692500.0
2020-10-12,ANAPSA,BERAS,1000.0,10128000.0
2020-10-12,ANAPSA,GULA,50.0,590000.0
2020-10-12,ANAPSA,DAGING,25.0,2204000.0
2020-10-12,TOKO BUNAWI,BERAS,2500.0,26212500.0
2020-10-12,TOKO DWI SUSILO,BERAS,1100.0,11533500.0
2020-10-12,TOKO DEWI AFRITA,BERAS,4000.0,41940000.0
2020-10-12,TOKO IDAWATI,BERAS,210.0,2201850.0
2020-10-12,TOKO AMRAN,BERAS,300.0,3145500.0
2020-10-12,TOKO IMIN,BERAS,2000.0,20970000.0
2020-10-15,TOKO SIMON SUMARDI,BERAS,1300.0,13630500.0
2020-10-15,TOKO NURFADILAH,BERAS,2000.0,20970000.0
2020-10-15,TOKO ASEP SAFRUDIN,BERAS,200.0,2097000.0
2020-10-15,TOKO DEWI AFRITA,BERAS,2000.0,20970000.0
2020-10-15,TOKO ENDANG HARTATI,BERAS,1500.0,15727500.0
2020-10-15,TOKO BERKAH DUA PUTRA,BERAS,280.0,2954000.0
2020-10-15,TOKO BERKAH DUA PUTRA,GULA,50.0,590000.0
2020-10-15,TOKO BERKAH DUA PUTRA,DAGING,25.0,2204000.0
2020-10-15,TOKO BERKAH DUA PUTRA,MIGOR,300.0,3847800.0
2020-10-15,TOKO BERKAH DUA PUTRA,TEPUNG,100.0,832600.0
2020-10-15,TOKO MAJU TERUS,MIGOR,300.0,3847800.0
2020-10-15,TOKO MAJU TERUS,TEPUNG,100.0,832600.0
2020-10-15,TOKO SIDAK,MIGOR,300.0,3847800.0
2020-10-15,TOKO SIDAK,TEPUNG,100.0,832600.0
2020-10-15,SAHABAT ANDA,MIGOR,300.0,3847800.0
2020-10-15,SAHABAT ANDA,TEPUNG,100.0,832600.0
2020-10-16,TOKO NURFADILAH,MIGOR,200.0,2565200.0
2020-10-16,TOKO NURFADILAH,TEPUNG,140.0,1165640.0
2020-10-16,TOKO BUNAWI,MIGOR,400.0,5130400.0
2020-10-16,TOKO BUNAWI,TEPUNG,100.0,832600.0
2020-10-16,TOKO EKO BUDI WINASIS,BERAS,210.0,2201850.0
2020-10-16,TOKO YENNI SUSILAWATI,BERAS,2000.0,20970000.0
2020-10-16,TOKO ENDANG SUSILAWATI,BERAS,3000.0,31455000.0
2020-10-16,TOKO YAKOB,BERAS,2000.0,20970000.0
2020-10-20,TOKO SIMON SUMARDI,DAGING,50.0,4408000.0
2020-10-20,TOKO SIMON SUMARDI,MIGOR,600.0,7695600.0
2020-10-20,TOKO SIMON SUMARDI,TEPUNG,100.0,832600.0
2020-10-20,TOKO ARI YANTO,MIGOR,600.0,7695600.0
2020-10-20,TOKO ARI YANTO,TEPUNG,100.0,832600.0
2020-10-20,TOKO ALEXANDER Y.,BERAS,1500.0,16267500.0
2020-10-20,TOKO YULIANA,BERAS,3510.0,38065950.0
2020-10-20,TOKO HENI LAY,BERAS,500.0,5422500.0
2020-10-20,TOKO SUBIANTO,BERAS,210.0,2277450.0
2020-10-20,TOKO SUNDARIANTO,BERAS,400.0,4338000.0
2020-10-20,TOKO EKO BUDI WINASIS,BERAS,170.0,1843650.0
2020-10-20,TOKO DIDIK PRIOJADMIKO,BERAS,1500.0,16267500.0
2020-10-20,TOKO HERMANTO,BERAS,2990.0,32426550.0
2020-10-22,TOKO MOMONG ALPINA,MIGOR,600.0,7695600.0
2020-10-22,TOKO MOMONG ALPINA,TEPUNG,20.0,166520.0
2020-10-22,TOKO EKA SAPUTRA JAYA,MIGOR,360.0,4617360.0
2020-10-22,TOKO EKA SAPUTRA JAYA,TEPUNG,40.0,333040.0
2020-10-23,TOKO FEBRIANTI INDAH LESTARI,BERAS,1470.0,15868650.0
2020-10-23,TOKO KHET MEN,BERAS,1000.0,10795000.0
2020-10-23,TOKO DWI SUSILO,BERAS,840.0,9067800.0
2020-10-23,TOKO GERRY GUMILANG,BERAS,2000.0,21590000.0
2020-10-23,TOKO DWIANA MARYATI,BERAS,500.0,5397500.0
2020-10-23,TOKO SOFIAN,BERAS,2000.0,21590000.0
2020-10-23,TOKO IIP KUSPOYO,BERAS,1000.0,10795000.0
2020-10-26,TOKO PRAYOGA,BERAS,5000.0,53975000.0
2020-10-26,TOKO IMIN,BERAS,1000.0,10795000.0
2020-10-26,TOKO JUANTI,BERAS,1700.0,18351500.0
2020-10-26,YAYASAN KESEJAHTERAAN PEGAWAI (YKP) BNI,BERAS,185.0,2220000.0
2020-10-26,YAYASAN KESEJAHTERAAN PEGAWAI (YKP) BNI,BERAS,74.0,1702000.0
2020-11-04,TOKO BUNGUR,BERAS,100.0,1076500.0
2020-11-04,TOKO BUNGUR,BERAS,700.0,7339500.0
2020-11-04,TOKO BUNGUR,GULA,150.0,1770000.0
2020-11-04,TOKO BUNGUR,DAGING,80.0,7052800.0
2020-11-04,TOKO BUNGUR,MIGOR,40.0,513040.0
2020-11-06,TOKO BU YULI,BERAS,700.0,7350000.0
2020-11-06,TOKO DWI SUSILO,BERAS,1050.0,11334750.0
2020-11-06,TOKO URAI INA KURNIA,BERAS,2700.0,29146500.0
2020-11-06,TOKO GERRY GUMILANG,BERAS,4000.0,43180000.0
2020-11-09,TOKO IRVA,BERAS,50.0,538250.0
2020-11-09,TOKO IRVA,BERAS,750.0,7863750.0
2020-11-09,TOKO IRVA,GULA,250.0,2950000.0
2020-11-09,TOKO IRVA,DAGING,50.0,4408000.0
2020-11-09,TOKO ARDO,BERAS,700.0,7350000.0
2020-11-09,TOKO ARDO,BERAS,200.0,2024000.0
2020-11-09,TOKO HERI HARYANTO,BERAS,500.0,5397500.0
2020-11-09,TOKO ABANG HERIYANSYAH,BERAS,2000.0,21590000.0
2020-11-09,TOKO APRIYANTO,BERAS,2400.0,25908000.0
2020-11-09,TOKO DEWI AFRITA,BERAS,2000.0,21590000.0
2020-11-11,TOKO ADELA,BERAS,350.0,3669750.0
2020-11-11,TOKO ADELA,BERAS,150.0,1518000.0
2020-11-11,TOKO ENDANG HARTATI,BERAS,2000.0,21590000.0
2020-11-11,TOKO SILVIANA,BERAS,1000.0,10795000.0
2020-11-12,TOKO IDAWATI,BERAS,230.0,2481700.0
2020-11-12,TOKO APRIYANTO,BERAS,1100.0,11869000.0
2020-11-12,TOKO FATMAWATI,BERAS,1000.0,10790000.0
2020-11-12,TOKO IIP KUSPOYO,BERAS,1000.0,10790000.0
2020-11-12,TOKO HENI LAY,BERAS,500.0,5395000.0
2020-11-13,TOKO DEWI AFRITA,BERAS,4000.0,43160000.0
2020-11-13,TOKO AMRAN,BERAS,200.0,2158000.0
2020-11-16,TOKO YENNI SUSILAWATI,BERAS,2000.0,21580000.0
2020-11-16,TOKO YULIANA,BERAS,4000.0,43160000.0
2020-11-16,TOKO YAKOB,BERAS,6000.0,64740000.0
2020-11-16,TOKO HERMANTO,BERAS,4000.0,43160000.0
2020-11-17,TOKO ENDANG SUSILAWATI,BERAS,8000.0,86320000.0
2020-11-17,TOKO ARI YANTO,BERAS,2000.0,21580000.0
2020-11-17,TOKO MIKA ERNAWATI,BERAS,450.0,4855500.0
2020-11-17,TOKO EKO BUDI WINASIS,BERAS,360.0,3884400.0
2020-11-17,TOKO JUANTI,BERAS,1500.0,16185000.0
2020-11-17,TOKO HERMANSYAH,BERAS,300.0,3237000.0
2020-11-17,TOKO NURDIAH,BERAS,300.0,3237000.0
2020-11-17,TOKO ASEP SAFRUDIN,BERAS,400.0,4316000.0
2020-11-17,TOKO SUNDARIANTO,BERAS,600.0,6474000.0
2020-11-17,TOKO NURFADILAH,BERAS,1900.0,20501000.0
2020-11-17,TOKO IMIN,BERAS,1500.0,16185000.0
2020-11-18,TOKO SIMON SUMARDI,BERAS,1300.0,14027000.0
2020-11-18,TOKO ALEXANDER Y.,BERAS,2250.0,24277500.0
2020-11-18,TOKO DWIANA MARYATI,BERAS,250.0,2697500.0
2020-11-18,TOKO KHET MEN,BERAS,500.0,5395000.0
2020-11-18,TOKO SARDIYANTO,BERAS,2000.0,21580000.0
2020-11-20,TOKO FLORENTINA,BERAS,500.0,5395000.0
2020-11-20,TOKO RUSMALA,BERAS,400.0,4316000.0
2020-11-20,TOKO QOYIM MASYAHARI,BERAS,500.0,5395000.0
2020-11-20,TOKO FEBRIANTI INDAH LESTARI,BERAS,670.0,7232650.0
2020-11-20,TOKO DWI SUSILO,BERAS,1150.0,12408500.0
2020-11-23,TOKO FEBRIANTI INDAH LESTARI,BERAS,830.0,8955700.0
2020-11-23,TOKO PRAYOGA,BERAS,5000.0,53950000.0
2020-11-23,TOKO ANDREAS INDAH,BERAS,4030.0,43483700.0
2020-11-23,TOKO HENDRA. S,BERAS,500.0,5395000.0
2020-11-23,TOKO IMIN,BERAS,3500.0,37765000.0
2020-11-24,TOKO YAKOB,BERAS,110.0,1186900.0
2020-11-24,TOKO ENDANG SUSILAWATI,BERAS,4000.0,43160000.0
2020-11-24,TOKO GERRY GUMILANG,BERAS,6000.0,64740000.0
2020-11-24,TOKO APRIYANTO,BERAS,2000.0,21580000.0
2020-11-24,TOKO MUHAMMAD RONI,BERAS,500.0,5395000.0
2020-11-24,TOKO ABANG HERIYANSYAH,BERAS,4000.0,43160000.0
2020-11-24,TOKO AIDI K.,BERAS,12460.0,130643100.0
2020-11-24,TOKO BU YULI,BERAS,175.0,1883875.0
2020-11-24,TOKO BU YULI,BERAS,1140.0,11952900.0
2020-11-24,TOKO BU YULI,BERAS,600.0,6072000.0
2020-11-24,TOKO NURFADILAH,GULA,1512.0,18144000.0
2020-11-24,TOKO NURFADILAH,DAGING,200.0,17232000.0
2020-11-24,TOKO NURFADILAH,MIGOR,60.0,769560.0
2020-11-24,TOKO NURFADILAH,TEPUNG,60.0,499560.0
2020-11-25,TOKO AIDI K.,BERAS,33880.0,359771720.0
2020-11-26,TOKO AIDI K.,BERAS,17390.0,184664410.0
2020-11-27,TOKO ADELA,BERAS,500.0,5309500.0
2020-11-27,TOKO ADELA,BERAS,50.0,506000.0
2020-11-27,TOKO ADELA,GULA,96.0,1152000.0
2020-11-27,TOKO ADELA,DAGING,100.0,8616000.0
2020-11-27,TOKO AIDI K.,BERAS,17390.0,184664410.0
2020-11-27,TOKO ISNANI SITI RAFIAH,BERAS,1500.0,16185000.0
2020-12-01,TOKO AIDI K.,BERAS,23480.0,249334120.0
2020-12-02,TOKO BERKAH DUA PUTRA,GULA,312.0,3744000.0
2020-12-02,TOKO BERKAH DUA PUTRA,DAGING,40.0,3446400.0
2020-12-02,TOKO BERKAH DUA PUTRA,MIGOR,48.0,615648.0
2020-12-02,TOKO BERKAH DUA PUTRA,TEPUNG,140.0,1165640.0
2020-12-02,TOKO AIDI K.,BERAS,18640.0,197938160.0
2020-12-02,TOKO AIDI K.,BERAS,25.0,575000.0
2020-12-02,TOKO ENDANG HARTATI,BERAS,2000.0,21650000.0
2020-12-03,TOKO AMI,GULA,970.0,11640000.0
2020-12-03,TOKO KOPERASI KONSUMEN SYARIAH BERKAH BERSEMI,GULA,950.0,11400000.0
2020-12-03,TOKO AIDI K.,BERAS,520.0,5452200.0
2020-12-03,TOKO URAI INA KURNIA,BERAS,2000.0,21650000.0
2020-12-04,TOKO AIDI K.,BERAS,10820.0,114897580.0
2020-12-07,TOKO DEDES,BERAS,1000.0,10619000.0
2020-12-07,TOKO YUSMAN DABU,GULA,168.0,2016000.0
2020-12-07,TOKO YUSMAN DABU,DAGING,50.0,4308000.0
2020-12-07,TOKO YUSMAN DABU,MIGOR,144.0,1846944.0
2020-12-07,TOKO YUSMAN DABU,TEPUNG,40.0,333040.0
2020-12-10,TOKO SIDAK,BERAS,1000.0,10619000.0
2020-12-10,TOKO SIDAK,GULA,48.0,576000.0
2020-12-10,TOKO SIDAK,DAGING,50.0,4308000.0
2020-12-10,TOKO SIDAK,MIGOR,36.0,461736.0
2020-12-10,TOKO SIDAK,TEPUNG,20.0,166520.0
2020-12-15,TOKO SIMON SUMARDI,BERAS,1400.0,15155000.0
2020-12-15,TOKO ARI YANTO,BERAS,2000.0,21650000.0
2020-12-15,TOKO HERI HARYANTO,BERAS,700.0,7577500.0
2020-12-15,TOKO JUANTI,BERAS,1500.0,16237500.0
2020-12-15,TOKO NURFADILAH,BERAS,1000.0,10825000.0
2020-12-15,TOKO IMIN,BERAS,3500.0,37887500.0
2020-12-15,TOKO SARDIYANTO,BERAS,2000.0,21650000.0
2020-12-15,TOKO DWI SUSILO,BERAS,380.0,4113500.0
2020-12-15,TOKO DEWI AFRITA,BERAS,7000.0,75775000.0
2020-12-15,TOKO BUNAWI,BERAS,1500.0,16237500.0
2020-12-16,TOKO ENDANG HARTATI,BERAS,2000.0,21650000.0
2020-12-16,TOKO IDAWATI,BERAS,230.0,2489750.0
2020-12-16,TOKO ASEP SAFRUDIN,BERAS,400.0,4330000.0
2020-12-16,TOKO AMRAN,BERAS,300.0,3247500.0
2020-12-16,TOKO HENI LAY,BERAS,470.0,5087750.0
2020-12-16,TOKO SUNDARIANTO,BERAS,400.0,4330000.0
2020-12-16,TOKO IIP KUSPOYO,BERAS,1000.0,10825000.0
2020-12-16,TOKO AIDI K.,BERAS,1660.0,17627540.0
2020-12-17,TOKO EKO BUDI WINASIS,BERAS,350.0,3788750.0
2020-12-17,TOKO AGUSTINUS,BERAS,500.0,5412500.0
2020-12-17,TOKO QOYIM MASYAHARI,BERAS,500.0,5412500.0
2020-12-17,TOKO SOFIAN,BERAS,500.0,5412500.0
2020-12-17,TOKO YENNI SUSILAWATI,BERAS,2000.0,21650000.0
2020-12-17,TOKO KHET MEN,BERAS,500.0,5412500.0
2020-12-17,TOKO DEWI AFRITA,BERAS,3040.0,32908000.0
2020-12-17,TOKO ENDANG SUSILAWATI,BERAS,10000.0,108250000.0
2020-12-18,TOKO FEBRIANTI INDAH LESTARI,BERAS,1500.0,16159500.0
2020-12-18,TOKO DIDIK PRIOJADMIKO,BERAS,1800.0,19391400.0
2020-12-18,TOKO DWI SUSILO,BERAS,1620.0,17452260.0
2020-12-18,TOKO DEWI AFRITA,BERAS,1960.0,21115080.0
2020-12-18,TOKO ALEXANDER Y.,BERAS,2250.0,24239250.0
2020-12-18,TOKO MIKA ERNAWATI,BERAS,500.0,5386500.0
2020-12-18,TOKO APRIYANTO,BERAS,500.0,5386500.0
2020-12-18,TOKO JUANTI,BERAS,500.0,5386500.0
2020-12-21,TOKO ANDREAS INDAH,BERAS,4000.0,43092000.0
2020-12-21,TOKO GERRY GUMILANG,BERAS,4000.0,43092000.0
2020-12-21,TOKO YAKOB,BERAS,6000.0,64638000.0
2020-12-21,TOKO HERMANTO,BERAS,3500.0,37705500.0
2020-12-21,TOKO YULIANA,BERAS,3500.0,37705500.0
2020-12-21,TOKO BU YULI,BERAS,100.0,1086000.0
2020-12-21,TOKO BU YULI,BERAS,1000.0,10619000.0
2020-12-21,TOKO BU YULI,BERAS,50.0,510300.0
2020-12-21,TOKO BU YULI,GULA,300.0,3600000.0
2020-12-21,TOKO BU YULI,DAGING,100.0,8616000.0
2020-12-21,TOKO BU YULI,MIGOR,400.0,5130400.0
2020-12-21,TOKO BU YULI,TEPUNG,40.0,333040.0
2020-12-21,Warung Nak Zihan,BERAS,100.0,1086000.0
2020-12-21,Warung Nak Zihan,BERAS,650.0,6902350.0
2020-12-21,Warung Nak Zihan,BERAS,100.0,1020600.0
2020-12-21,Warung Nak Zihan,GULA,420.0,5040000.0
2020-12-21,Warung Nak Zihan,DAGING,75.0,6462000.0
2020-12-21,Warung Nak Zihan,MIGOR,80.0,1026080.0
2020-12-21,Warung Nak Zihan,TEPUNG,100.0,832600.0
2020-12-22,TOKO IRVA,GULA,2400.0,28800000.0
2020-12-22,TOKO ADELA,GULA,2400.0,28800000.0
2020-12-22,TOKO ADELA,MIGOR,60.0,769560.0
2020-12-29,TOKO BERKAH DUA PUTRA,GULA,2000.0,24000000.0
2020-12-29,TOKO BUNGUR,GULA,1288.0,15456000.0
2021-01-06,TOKO ALIKA,GULA,36.0,432000.0
2021-01-06,TOKO ALIKA,DAGING,25.0,2154000.0
2021-01-06,TOKO AMI,GULA,36.0,432000.0
2021-01-06,TOKO AMI,DAGING,75.0,6462000.0
2021-01-06,TOKO AMI,DAGING,40.0,2806400.0
2021-01-06,TOKO KOTABARU,GULA,120.0,1440000.0
2021-01-06,TOKO KOTABARU,DAGING,75.0,6462000.0
2021-01-06,TOKO KOTABARU,BERAS,1500.0,15850500.0
2021-01-11,TOKO NURJANAH,GULA,96.0,1152000.0
2021-01-11,TOKO NURJANAH,DAGING,40.0,2806400.0
2021-01-11,TOKO MUNIR,BERAS,750.0,7925250.0
2021-01-11,SAHABAT ANDA,DAGING,150.0,12924000.0
2021-01-11,SAHABAT ANDA,DAGING,40.0,2806400.0
2021-01-11,SAHABAT ANDA,MIGOR,60.0,769560.0
2021-01-14,TOKO ALEXANDER Y.,BERAS,2250.0,24239250.0
2021-01-14,TOKO ASEP SAFRUDIN,BERAS,300.0,3231900.0
2021-01-14,TOKO AMRAN,BERAS,300.0,3231900.0
2021-01-14,TOKO HERI HARYANTO,BERAS,600.0,6463800.0
2021-01-14,TOKO DWIANA MARYATI,BERAS,250.0,2693250.0
2021-01-14,TOKO SUNDARIANTO,BERAS,400.0,4309200.0
2021-01-14,TOKO QOYIM MASYAHARI,BERAS,250.0,2693250.0
2021-01-14,TOKO DEWI AFRITA,BERAS,5000.0,53865000.0
2021-01-14,TOKO URAI INA KURNIA,BERAS,2000.0,21546000.0
2021-01-14,TOKO IIP KUSPOYO,BERAS,1000.0,10773000.0
2021-01-14,TOKO ASUN,BERAS,1500.0,16159500.0
2021-01-14,TOKO FEBRIANTI INDAH LESTARI,BERAS,1500.0,16159500.0
2021-01-18,TOKO SULASTRI AGUSTINI,DAGING,50.0,4308000.0
2021-01-18,TOKO BERKAH DUA PUTRA,MIGOR,108.0,1385208.0
2021-01-18,TOKO SUPER STOCK,GULA,96.0,1152000.0
2021-01-18,TOKO SIDAK,TEPUNG,20.0,166520.0
2021-01-20,TOKO ARDO,DAGING,200.0,14032000.0
2021-01-20,TOKO SULASTRI AGUSTINI,DAGING,140.0,9822400.0
2021-01-22,TOKO DWI RETNO SAMUDRO,MIGOR,204.0,2616504.0
2021-01-22,TOKO KOPERASI KONSUMEN SYARIAH BERKAH BERSEMI,GULA,72.0,864000.0
2021-01-22,TOKO KOPERASI KONSUMEN SYARIAH BERKAH BERSEMI,DAGING,25.0,2154000.0
2021-01-22,TOKO SYUHAINI,GULA,72.0,864000.0
2021-01-22,Warung Nak Zihan,MIGOR,204.0,2616504.0
2021-01-28,TOKO JERORA JAYA,BERAS,350.0,3699150.0
2021-01-28,TOKO MAJU TERUS,BERAS,350.0,3699150.0
2021-01-28,TOKO MAJU TERUS,TEPUNG,100.0,832600.0
2021-01-28,TOKO JERORA JAYA,DAGING,25.0,2154000.0
2021-01-28,TOKO JERORA JAYA,GULA,96.0,1152000.0
2021-01-28,TOKO BUNAWI,MIGOR,96.0,1231296.0
2021-02-01,TOKO NURFADILAH,MIGOR,1008.0,12928608.0
2021-02-01,TOKO NURFADILAH,DAGING,25.0,2154000.0
2021-02-01,TOKO NURFADILAH,GULA,360.0,4320000.0
2021-02-02,TOKO ANDREAS INDAH,BERAS,1750.0,18856250.0
2021-02-02,TOKO JERORA JAYA,MIGOR,960.0,12312960.0
2021-02-03,TOKO YUSMAN DABU,MIGOR,1200.0,15391200.0
2021-02-05,TOKO MAJU TERUS,GULA,1000.0,12000000.0
2021-02-05,TOKO BERKAH DUA PUTRA,DAGING,50.0,4308000.0
2021-02-05,TOKO BERKAH DUA PUTRA,MIGOR,832.0,10671232.0
2021-02-05,TOKO BERKAH DUA PUTRA,BERAS,800.0,8455200.0
2021-02-05,TOKO MAJU TERUS,TEPUNG,80.0,666080.0
2021-02-10,TOKO MUNIR,GULA,440.0,5280000.0
2021-02-16,TOKO BOB-i,GULA,360.0,4320000.0
2021-02-16,TOKO BUNGUR,TEPUNG,100.0,887600.0
2021-02-16,TOKO AMI,DAGING,100.0,8616000.0
2021-02-16,TOKO URAI INA KURNIA,BERAS,2000.0,21550000.0
2021-02-16,TOKO SARDIYANTO,BERAS,2000.0,21550000.0
2021-02-16,TOKO KHET MEN,BERAS,500.0,5387500.0
2021-02-16,TOKO ENDANG SUSILAWATI,BERAS,6000.0,64650000.0
2021-02-16,TOKO ENDANG HARTATI,BERAS,1000.0,10775000.0
2021-02-16,TOKO DEWI AFRITA,BERAS,3000.0,32325000.0
2021-02-16,TOKO BUNGUR,BERAS,1000.0,10569000.0
2021-02-17,TOKO AMRAN,BERAS,300.0,3232500.0
2021-02-17,TOKO SIMON SUMARDI,BERAS,1000.0,10775000.0
2021-02-17,TOKO JUANTI,BERAS,2000.0,21550000.0
2021-02-17,TOKO HERI HARYANTO,BERAS,700.0,7542500.0
2021-02-17,TOKO SOFIAN,BERAS,400.0,4310000.0
2021-02-17,TOKO MOMONG ALPINA,BERAS,500.0,5387500.0
2021-02-17,TOKO IMIN,BERAS,3000.0,32325000.0
2021-02-17,TOKO IDAWATI,BERAS,230.0,2478250.0
2021-02-17,TOKO EKO BUDI WINASIS,BERAS,320.0,3448000.0
2021-02-17,TOKO ASEP SAFRUDIN,BERAS,300.0,3232500.0
2021-02-19,TOKO DEDES,BERAS,500.0,5284500.0
2021-02-19,TOKO DEDES,DAGING,100.0,8616000.0
2021-02-22,TOKO ARDO,DAGING,80.0,5612800.0
2021-02-22,Warung Nak Zihan,GULA,1120.0,13440000.0
2021-02-23,TOKO YAKOB,BERAS,6000.0,64650000.0
2021-02-23,TOKO ENDANG SUSILAWATI,BERAS,6000.0,64650000.0
2021-02-23,TOKO DEWI AFRITA,BERAS,3500.0,37712500.0
2021-02-23,TOKO MIKA ERNAWATI,BERAS,500.0,5387500.0
2021-02-23,TOKO ALEXANDER Y.,BERAS,1250.0,13468750.0
2021-02-23,TOKO GERRY GUMILANG,BERAS,2350.0,25321250.0
2021-02-25,TOKO BU YULI,DAGING,80.0,6892800.0
2021-03-02,TOKO NURDIAH,TEPUNG,100.0,887600.0
2021-03-02,TOKO IRVA,BERAS,400.0,4227600.0
2021-03-02,TOKO RIZKI SAKYAH,GULA,200.0,2400000.0
2021-03-02,SAHABAT ANDA,DAGING,100.0,8616000.0
2021-03-03,TOKO BU YULI,DAGING,80.0,5612800.0
2021-03-03,TOKO BU YULI,BERAS,500.0,5284500.0
2021-03-09,TOKO MOMONG ALPINA,DAGING,60.0,5169600.0
2021-03-09,TOKO MOMONG ALPINA,BERAS,320.0,3382080.0
2021-03-09,TOKO MOMONG ALPINA,TEPUNG,102.0,905352.0
2021-03-09,TOKO MOMONG ALPINA,GULA,32.0,384000.0
2021-03-18,TOKO ABIZAR,DAGING,35.0,3015600.0
2021-03-18,TOKO ABIZAR,BERAS,50.0,528450.0
2021-03-18,TOKO MAJU TERUS,DAGING,50.0,3508000.0
2021-03-18,TOKO FATHULLAH ZIKRI,GULA,200.0,2400000.0
2021-03-18,TOKO FATHULLAH ZIKRI,BERAS,100.0,1056900.0
2021-03-19,TOKO USAHA,BERAS,100.0,1056900.0
2021-03-19,TOKO MUNIR,DAGING,40.0,2806400.0
2021-03-19,TOKO MUNIR,BERAS,40.0,666400.0
2021-03-19,TOKO USAHA,DAGING,25.0,2154000.0
2021-03-22,TOKO KOTABARU,BERAS,250.0,2642250.0
2021-03-22,TOKO BERKAH DUA PUTRA,DAGING,25.0,2154000.0
2021-03-22,TOKO BERKAH DUA PUTRA,DAGING,20.0,1403200.0
2021-03-22,TOKO BOB-i,GULA,200.0,2400000.0
2021-03-22,TOKO BOB-i,BERAS,100.0,1056900.0
2021-03-22,TOKO KOTABARU,DAGING,10.0,701600.0
2021-03-23,TOKO BUNGUR,DAGING,35.0,3015600.0
2021-03-23,TOKO SIDAK,DAGING,35.0,3015600.0
2021-03-23,TOKO BUNGUR,TEPUNG,50.0,443800.0
2021-03-23,TOKO SULASTRI AGUSTINI,TEPUNG,60.0,532560.0
2021-03-23,TOKO SULASTRI AGUSTINI,DAGING,35.0,3015600.0
2021-03-23,TOKO AQIL,TEPUNG,38.0,337288.0
2021-03-23,TOKO AQIL,DAGING,35.0,3015600.0
2021-03-23,TOKO SIDAK,TEPUNG,50.0,443800.0
2021-03-25,TOKO JERORA JAYA,GULA,160.0,1920000.0
2021-03-25,TOKO AMI,DAGING,60.0,5169600.0
2021-03-25,TOKO JERORA JAYA,DAGING,40.0,3446400.0
2021-03-25,KARUNIA,DAGING,30.0,2104800.0
2021-03-25,KARUNIA,BERAS,150.0,1585350.0
2021-03-26,TOKO ANUGRAH,BERAS,500.0,5437500.0
2021-03-26,TOKO ADELA,DAGING,50.0,4308000.0
2021-03-26,TOKO YUSMAN DABU,DAGING,50.0,4308000.0
2021-03-26,TOKO DWI RETNO SAMUDRO,DAGING,60.0,4209600.0
2021-03-26,TOKO DWI RETNO SAMUDRO,BERAS,500.0,5437500.0
2021-03-26,TOKO ANUGRAH,DAGING,40.0,2806400.0
2021-03-29,Warung Nak Zihan,DAGING,20.0,1403200.0
2021-03-29,Warung Nak Zihan,GULA,120.0,1440000.0
2021-03-29,Warung Nak Zihan,BERAS,20.0,333200.0
2021-03-30,TOKO HIDAYAH,BERAS,300.0,3262500.0
2021-04-05,TOKO SIDAK,DAGING,80.0,5852800.0
2021-04-06,TOKO BU YULI,BERAS,2000.0,20412000.0
2021-04-06,TOKO GERRY GUMILANG,BERAS,1860.0,20227500.0
2021-04-06,TOKO YULIANA,BERAS,1000.0,10875000.0
2021-04-06,TOKO HERMANTO,BERAS,6000.0,65250000.0
2021-04-06,TOKO YAKOB,BERAS,6000.0,65250000.0
2021-04-06,TOKO ENDANG SUSILAWATI,BERAS,5000.0,54375000.0
2021-04-06,TOKO RIZKI SAKYAH,TEPUNG,100.0,887600.0
2021-04-06,TOKO RIZKI SAKYAH,BERAS,200.0,2041200.0
2021-04-06,TOKO RIZKI SAKYAH,GULA,220.0,2640000.0
2021-04-07,TOKO URAI INA KURNIA,BERAS,2000.0,21750000.0
2021-04-07,TOKO YENNI SUSILAWATI,BERAS,5000.0,54375000.0
2021-04-07,TOKO FEBRIANTI INDAH LESTARI,BERAS,3500.0,38062500.0
2021-04-07,TOKO ENDANG HARTATI,BERAS,1000.0,10875000.0
2021-04-07,TOKO KHET MEN,BERAS,1000.0,10875000.0
2021-04-08,TOKO ALEXANDER Y.,BERAS,2000.0,21750000.0
2021-04-08,TOKO AGUSTINUS,BERAS,1000.0,10875000.0
2021-04-08,TOKO APRIYANTO,BERAS,3930.0,42738750.0
2021-04-08,TOKO ARI YANTO,BERAS,1000.0,10875000.0
2021-04-08,TOKO NURFADILAH,BERAS,670.0,7286250.0
2021-04-08,TOKO SIMON SUMARDI,BERAS,1000.0,10875000.0
2021-04-08,TOKO MAJU TERUS,GULA,100.0,1200000.0
2021-04-08,TOKO MAJU TERUS,DAGING,60.0,4389600.0
2021-04-08,TOKO KINORA,BERAS,250.0,2718750.0
2021-04-08,TOKO KINORA,TEPUNG,120.0,1065120.0
2021-04-09,TOKO BERKAH DUA PUTRA,GULA,100.0,1200000.0
2021-04-09,TOKO BERKAH DUA PUTRA,DAGING,80.0,5852800.0
